{"cameraMode":{"drawMode":0,"name":"Shaded","section":"Shading Mode"},"sceneLighting":true,"audioPlay":false,"sceneViewState":{"m_AlwaysRefresh":false,"showFog":true,"showSkybox":true,"showFlares":true,"showImageEffects":true,"showParticleSystems":true,"showVisualEffectGraphs":true,"m_FxEnabled":true},"in2DMode":false,"pivot":{"x":27.199140548706056,"y":5.938636302947998,"z":5.9482011795043949},"rotation":{"x":0.10497985780239105,"y":-0.6093085408210754,"z":0.08182891458272934,"w":0.7816870808601379},"size":26.021860122680665,"orthographic":false}